:,-,,String,String,Group,String,-,-,-,-,-,-,-,-,-,-,-,-,-,-,-,-,-,-,-,-,-,-,-,-,-,-,-,-,-,-,-,-,-,-,-,-,
Black,Dot,0,Clade,Subclade,LT2,TWS.for.this.element,X1,Y1,X2,Y2,X3,Y3,X4,Y4,X5,Y5,X6,Y6,X7,Y7,X8,Y8,X9,Y9,X10,Y10,X11,Y11,X12,Y12,X13,Y13,X14,Y14,X15,Y15,X16,Y16,X17,Y17,X18,Y18,
Mediumturquoise,Dot,Chelonia_mydas_mD1,Reptiles,Turtles,Flippered,5,-0.336495823837929,-0.0273233190292953,-0.29238471245032,-0.0821459458055544,-0.138885085327743,-0.147071165952779,0.0620866283310426,-0.165332387559189,0.179350459868912,-0.133363255634598,0.254420059657909,-0.114388756210804,0.30080331475576,-0.116919874920561,0.299426071150643,-0.11207918301433,0.217851511437117,-0.0083737218327117,0.202519917347519,0.138255275987352,0.176518727099902,0.171042641292633,0.148650248967981,0.169014280940577,0.143569049165881,0.146839582759167,0.126017272028845,0.128172807877784,0.0635218630131988,0.108652544363522,-0.060142950740816,0.0650764768188054,-0.219360153428022,0.0469981034706491,-0.314743323677571,0.0104413813112987,
Mediumturquoise,Dot,Chelonia_mydas_mD2,Reptiles,Turtles,Flippered,5,-0.352337870341065,-0.0383320981445521,-0.318753236890116,-0.0498971147299619,-0.168397463337017,-0.0624398273352772,0.0461041561323311,-0.0755296525539179,0.185692051257284,-0.0747810114185188,0.276938122329356,-0.0606436987490279,0.329089944509859,-0.0415440535065521,0.335898850298458,-0.0469267205315138,0.279154352034741,0.00199322755328291,0.264682999698133,0.09972146648579,0.22514218926455,0.0808285531567015,0.170994965849974,0.0687657881891049,0.14634002075268,0.0615115606237022,0.121568387650591,0.0574610231419493,0.0525915058364908,0.0511205253230742,-0.0820498433266852,0.0352593179481309,-0.243773424402328,0.0236122855617972,-0.335886847317234,0.000734742008682447,
Tomato,Fill triang,Cyclopes_didactylus_mD2,Mammals,Non-boreoeutherian Mammals,Unwebbed,1,-0.35093334555058,0.0710145167617521,-0.329526127013591,-0.0179090887189238,-0.194435631598972,-0.12889078989871,0.00723838359278177,-0.164338160628718,0.143212257458953,-0.131693926724902,0.241559368641257,-0.0703920775616344,0.315616850374581,-0.0404467255111011,0.317866366876219,-0.0311102641974731,0.203399889995896,0.0196624405046205,0.210419634360298,0.156934030418643,0.174208469255026,0.139119168317541,0.128776962116851,0.126161677066956,0.101695330252867,0.0989714592855348,0.0746985454180245,0.06639248956992,0.0135009720879981,0.0180396466534429,-0.105275506204698,-0.0125216371970965,-0.248908433789093,0.00495324919764834,-0.331266972179347,0.0502031402637018,
Gold,Fill triang,Cynocephalus_volans_pD1,Mammals,Boreoeutherian Mammals,Webbed,4,-0.267121170478079,0.0583234146167228,-0.261551804854511,-0.0486046702601513,-0.151416652466424,-0.16066329399922,0.0232577273679571,-0.226676970482722,0.166695825819173,-0.201195594896944,0.270626300972061,-0.148665270762637,0.319130000557765,-0.0901901203829271,0.308781463859526,-0.0575290324488114,0.246895818790596,0.0276942881558499,0.293099161198904,0.13667747567181,0.199332743430522,0.172204899240836,0.0797985177638745,0.172049043016862,0.0416042592965192,0.147264440687453,0.0145901162266953,0.111877569296296,-0.0411182970055185,0.0555125569075577,-0.130392256350503,0.00358285547973436,-0.22086740548013,-0.00700437437194292,-0.255907128234794,0.0477520257049649,
Gold,Fill square,Aix_sponsa_pD2,Reptiles,Birds,Webbed,4,-0.316896499531882,0.0356024044563551,-0.283221122064102,-0.0432155197974412,-0.135260335557734,-0.11175023368826,0.0588453404457564,-0.148953623041538,0.194283096434473,-0.131754681953319,0.28930210955742,-0.115047180540437,0.342284433219333,-0.101039275904354,0.34724712684326,-0.086790142219527,0.294808030081979,0.015261311758487,0.240848060290865,0.120893956669901,0.15683139364898,0.121816992029537,0.073806719353044,0.13661277160488,0.0586276213852739,0.116533398752122,0.0414209388639116,0.0948326288884901,-0.00029113274215389,0.0513443537949113,-0.0922834008500145,0.0172007347355995,-0.213660240089628,0.0227108568708728,-0.292226703177405,0.0372952096057293,
Tomato,Fill square,Galbula_dea_pD2,Reptiles,Birds,Unwebbed,1,-0.364170627373455,0.0319548662432784,-0.329929646606734,-0.0500180863945049,-0.184303392222077,-0.153497339488538,0.00984989167021332,-0.166763056223238,0.130498325243663,-0.130425116937781,0.21036887290051,-0.0802785962361568,0.256014097626824,-0.0348374955599412,0.266974457027477,-0.0221689721067197,0.235619309192564,0.0257219149661962,0.266746598638452,0.0994464752959749,0.211829988008617,0.125799836455402,0.164339474902998,0.183062847020799,0.13008442832096,0.17789999280292,0.111717571495603,0.140515838664,0.0631107903984181,0.0710630650800705,-0.0584678553886723,0.0079546321488508,-0.221017549216235,-0.00439105109215848,-0.329643938947486,0.0196191028115033,
Tomato,Fill square,Ardea_herodias_pD2,Reptiles,Birds,Unwebbed,1,-0.350480404659384,0.0442377954345054,-0.321159360303101,-0.0369796983615624,-0.16991096604575,-0.11848537744656,0.0346597050086185,-0.143384078966583,0.166388998039111,-0.102556083882404,0.254917807264583,-0.0681596447048564,0.30701098248891,-0.0616608869726625,0.303837216956162,-0.0349453348416321,0.276884942614064,0.0288295286079379,0.284730795559292,0.0755321208148884,0.184793422113847,0.124484210132108,0.0743926179858849,0.125539292646679,0.0710926060472803,0.101110079537554,0.0635465763389545,0.0749181120539657,0.0149095484094978,0.0364408587884633,-0.0960859039445194,0.00387461456730052,-0.235742004205254,0.0103057581606014,-0.32260358463743,0.0396330062384023,
Tomato,Dot,Japalura_polygonata_pD1,Reptiles,Lepidosaurs,Unwebbed,1,-0.29197807265052,0.0428277072456126,-0.31666781725492,-0.0395419087817269,-0.212553239133199,-0.116434242878626,-0.00523788681032175,-0.183602766394067,0.160868660737527,-0.178228923205651,0.282824065905022,-0.11874760972976,0.347002612248621,-0.037042142730598,0.356617408725896,-0.021081898142354,0.254150130179354,0.00799397818056012,0.248146651571541,0.139865346551014,0.139996944529429,0.119123874425385,0.0332292630358036,0.09840099792386,0.0117984317429632,0.0746656601344869,-0.00189674088502565,0.0487091336414954,-0.0486138179893554,0.0355305482350508,-0.140302651931285,0.0445721370612839,-0.238796271553876,0.0546225647391401,-0.279366935070007,0.0597704465612293,
Gold,Fill square,Larus_novae_pD2_slant1,Reptiles,Birds,Webbed,4,-0.318259662210397,-0.00173857405650568,-0.275264918379297,-0.0360883270429203,-0.164952885599254,-0.0900734741681627,0.00388374879284165,-0.109211274789449,0.144859982640854,-0.109020925268168,0.253842511122907,-0.0982019565560694,0.319104256335677,-0.0838170105879384,0.332412259843201,-0.0686114759885538,0.330485121112836,0.0175511417087589,0.322993850039674,0.119768891792908,0.197304641474318,0.107842648275514,0.0582363587486698,0.129070648232065,0.0317015796742618,0.111621779544109,0.00957277145472381,0.0960464773888911,-0.040943997456815,0.0618430963941144,-0.130827132036402,0.036058338162794,-0.228824561201641,0.0221364832490475,-0.296500843693,0.0122375317196175,
Gold,Fill square,Larus_novae_pD2_slant2,Reptiles,Birds,Webbed,4,-0.31898074098946,-0.000143324655766941,-0.271594126903389,-0.0324723175113668,-0.155369447548133,-0.0921950644644869,0.0212508898365549,-0.105336219722431,0.16116013948953,-0.106317585534303,0.266323712560254,-0.0912508866177487,0.329673766207836,-0.075078845946267,0.340915245169959,-0.0587263203101382,0.334186331838787,0.0157956836484355,0.332427573273526,0.10481083868826,0.205960896926784,0.101685521660561,0.0671858010062494,0.120030193500452,0.0440206548405554,0.102478381449884,0.0287624038808732,0.0817306634383598,-0.0229623129202169,0.0559911791418881,-0.118029088163242,0.0349573002072628,-0.222724959510222,0.0239069920977027,-0.294822549961126,0.0106080958444495,
Tomato,Fill square,Leptotilos_crumeniferus_pD2,Reptiles,Birds,Unwebbed,1,-0.359758945542108,0.00466479391342925,-0.315684818330659,-0.0389199854055322,-0.183414505875337,-0.10559098818247,-0.000974515623114581,-0.118002238314487,0.134246418928058,-0.0916546013039201,0.230898307701446,-0.0600508483444597,0.292954625485335,-0.0649513912734661,0.302857141499509,-0.0536015290744325,0.284431979700222,0.0257392007557839,0.287923868691673,0.101552985766189,0.210612468662527,0.0995569002563211,0.117071624391387,0.114369309399524,0.0831161051764323,0.116236521208559,0.0555768164744292,0.106399864790094,-0.00284325872641877,0.068043980839994,-0.108534770309555,0.0164978236655523,-0.235316293232504,-0.00728614714698801,-0.327191134332993,0.0126705617870522,
Tomato,Fill square,Melanopareia_torquata_pD1,Reptiles,Birds,Unwebbed,1,-0.378851929415157,0.0393077291047748,-0.349606588332943,-0.0275250999686466,-0.186317608459121,-0.101099655006785,0.0275278366957985,-0.127003409524848,0.157923662461372,-0.0856457889396101,0.243415416199128,-0.0421492439450086,0.292563433278087,-0.0107066993949967,0.298525359756223,0.00109923768629609,0.265777446615544,0.0354670265930231,0.270682650376981,0.096811706867051,0.223789242547788,0.101898128219439,0.172401811540045,0.102519335645875,0.159730434923866,0.0764602196833803,0.139669864629237,0.050299386651252,0.0757343397417835,0.00970627356074249,-0.0607482657872765,-0.0237074298127861,-0.235089435896686,-0.01560500538354,-0.344768978137146,0.0235142451581185,
Gold,Fill square,Oceanodroma_leucorhoa_pD2,Reptiles,Birds,Webbed,4,-0.326812446262122,0.033298675679481,-0.286421014441838,-0.0120706577993748,-0.190683362875356,-0.0667398046176053,-0.0277686380385691,-0.0943890779303519,0.129273886696872,-0.0846080701353507,0.261596845441149,-0.0960252291302335,0.344884402842871,-0.0907822642365505,0.354311747871021,-0.0652827190773045,0.325067670691258,0.0165712833713972,0.34045760303287,0.0973655366256098,0.13647804980531,0.0687304517742423,-0.081499745459212,0.0791149949833497,-0.104955567001877,0.0617094914264356,-0.114412812955799,0.046906672216778,-0.154489750315178,0.0323187145320929,-0.218904056897312,0.0320993663148935,-0.277623756689623,0.0322322516484317,-0.315247057818118,0.0358208912655323,
Tomato,Fill square,Opisthocomus_hoazin_pD2,Reptiles,Birds,Unwebbed,1,-0.351744328788193,0.034651950830383,-0.310856101715421,-0.0347137684200478,-0.167219409781127,-0.137185295524801,0.0307799149403832,-0.162757754799295,0.161418897830544,-0.12060250525402,0.253441907711715,-0.0720362420011442,0.310092669181519,-0.0371104964274279,0.317462361667444,-0.0241143307922034,0.277225517744465,0.0215025388329259,0.286180378853647,0.102817318645988,0.21280713704221,0.114191325365324,0.130437282848242,0.10674114428999,0.110799561490414,0.0769679651806174,0.0995141740744071,0.0407377967175146,0.0435919744745793,0.00224230135544678,-0.0760063276759527,-0.0203783694299371,-0.223314112044359,-0.00292232391183162,-0.321264599589699,0.0249138607281973,
Tomato,Fill triang,Orycteropus_afer_mD1,Mammals,Non-boreoeutherian Mammals,Unwebbed,1,-0.347097841939298,-0.00227857430340287,-0.300636839892069,-0.0416240212809128,-0.169375903959342,-0.100549850713575,0.0188461482891857,-0.131176876698197,0.151603351257717,-0.128669425141266,0.2524589292855,-0.122564240995603,0.317348433731539,-0.0917346047380979,0.315919109052307,-0.0708004273534491,0.219013629448848,0.00609278028472661,0.249918548412581,0.13201258013574,0.167361491225504,0.158273573097233,0.0725482197317669,0.136870807494806,0.0400148319720392,0.114268750076401,0.0282481442823175,0.0790074906018269,-0.0212443974920425,0.0569111262244106,-0.121840161267023,0.0587825834393639,-0.242010848493589,0.05113170348068,-0.321316605022855,0.0187331089626404,
Tomato,Fill triang,Phalanger_orientalis_mD1,Mammals,Non-boreoeutherian Mammals,Unwebbed,1,-0.324658478127414,0.0184059905488682,-0.297176605767426,-0.0585209850151074,-0.175320925428766,-0.132692656343758,-0.0134640734512172,-0.17994652602403,0.113818970533259,-0.156033223856513,0.216340627955726,-0.117356910188755,0.288681720729953,-0.105409598935488,0.300028949782604,-0.0977097143537316,0.257419344692442,0.000136796215041871,0.282632644442887,0.126423849309135,0.163578794543388,0.200709041747951,0.0328511820625971,0.171347394818759,0.0227562115583383,0.135057688324481,0.00623914496768978,0.102535010442257,-0.0413943421998346,0.052908341092179,-0.127980833743731,0.0121030858317293,-0.232249137138405,0.00565148882050397,-0.301347614014283,0.0210277124360286,
Mediumturquoise,Fill triang,Phoca_vitulina_pD1,Mammals,Boreoeutherian Mammals,Flippered,5,-0.362408597564848,-0.0243884789987556,-0.315588948354973,-0.0431509749545413,-0.190211220129565,-0.104120261520971,-0.0105349806161822,-0.0569974847214123,0.132414183903665,-0.062683538066995,0.234942630625854,-0.0621602447310023,0.293672741170977,-0.0653461220702779,0.305492687788996,-0.0569808356017336,0.304772079379573,0.0221633555644579,0.308722874852206,0.117317482039027,0.236797662674958,0.103425612546964,0.143186382872961,0.100583720482572,0.112850613165769,0.0897156111540157,0.0877992538797397,0.0744224667896679,0.0207510693502866,0.0526743758232716,-0.0991272359567478,0.0250014626669628,-0.233101916511674,-0.00134212391434611,-0.32941697680006,-0.011327038487528,
Gold,Fill square,Phoebastria_irrorata_pD2,Reptiles,Birds,Webbed,4,-0.302512208503759,0.0131398545821011,-0.266529771998711,-0.0314803243636128,-0.167596822198726,-0.0844681405272147,-0.0133183718087695,-0.111501249046402,0.136306100466458,-0.10645332310974,0.267592256458423,-0.0925930452623583,0.351336223849572,-0.0888143832135743,0.366941915743498,-0.0730354854823302,0.362055506778454,0.000985451207913898,0.363302552831717,0.0837433672926611,0.177927858309888,0.0566889418101828,-0.0210713282737521,0.109763683712685,-0.0611237364239984,0.0981070224732289,-0.0830889554428416,0.0768024687130094,-0.110086607433704,0.0277411067319934,-0.169346978848308,0.00314808613196501,-0.23721842598831,0.0166289537721703,-0.286048860956991,0.0165512720910684,
Tomato,Fill square,Picus_viridus_pD2,Reptiles,Birds,Unwebbed,1,-0.344183854061897,0.0444190194539049,-0.294396607000456,-0.0435342915077119,-0.121486247323767,-0.169687334237722,0.0883043704728438,-0.212475431119512,0.205568208976116,-0.146816187077581,0.271775103443551,-0.0811792715751154,0.298381304165479,-0.037858775433836,0.294232005245806,-0.019136067114911,0.274707719221582,0.0223130981862794,0.274622308261066,0.0828393893251564,0.24411738003328,0.125513619714088,0.184200601686991,0.134110346150933,0.164771913253598,0.104917543187456,0.150098996177593,0.0663003711561477,0.0935882878563851,0.00942252791634341,-0.0336580209262809,-0.0358881956331328,-0.201129258529964,-0.0174319280139987,-0.309958469582672,0.0337612403638875,
Tomato,Fill square,Ptilinopus_leclancheri_pD2,Reptiles,Birds,Unwebbed,1,-0.378417129396802,0.0688604020250261,-0.339914300226886,-0.0239929958310398,-0.190165631958365,-0.152139062036926,0.0111631321202399,-0.182035633224616,0.135325265436803,-0.1319011781996,0.22137676671192,-0.0701920731272627,0.283524396901391,-0.0407284296184024,0.290243289431346,-0.0322030555966077,0.227351773672997,0.00951012524585075,0.232152988266976,0.0970510582806344,0.152357704338155,0.128474339608703,0.0599061574196814,0.140429421664425,0.0315573754012179,0.112430760991609,0.0338687428003635,0.0666613984924598,-0.00290919718201135,0.0060020656343381,-0.113196632331885,-0.0211892651445273,-0.257245335927361,0.0116578670570499,-0.349536122458724,0.0589766288477538,
Tomato,Fill square,Sagittarius_serpentarius_pD2,Reptiles,Birds,Unwebbed,1,-0.352080549595228,0.0501396510091908,-0.311119556315008,-0.059709609831638,-0.124951824415636,-0.170511233889762,0.0785409030971868,-0.203910870252815,0.17615492932451,-0.157544264997791,0.249458190981717,-0.135944789763887,0.302326638398037,-0.121529756489749,0.300969284351677,-0.104432192772503,0.21195981483133,-0.0132742808270153,0.223945960874481,0.127080062708567,0.149652134984227,0.178195991067097,0.0658436067038269,0.166273247968311,0.0538738399860978,0.120337147906655,0.0840466097170061,0.0741976771162645,0.0607235327298161,0.0125912266635363,-0.0540848637781044,-0.0349757095214795,-0.221741548450743,-0.0155304158605586,-0.325125848538594,0.0330415082125762,
Tomato,Fill square,Scopus_umbretta_pD2,Reptiles,Birds,Unwebbed,1,-0.364088266793607,0.00746286227044224,-0.327013917686356,-0.050246329479064,-0.190140910537486,-0.11149797720231,-0.00388592174223853,-0.129524838370612,0.12688461721005,-0.0993021671165008,0.220254043755778,-0.0667192604341893,0.281185366661269,-0.0684807291119766,0.287232289487281,-0.0466882638055702,0.268079279843719,0.0160428976960131,0.287657994287992,0.0628978532231667,0.198681187550991,0.115657007521303,0.0881566814203432,0.147567124758784,0.0586463911877281,0.132285805201681,0.0431170415709491,0.101881983425863,-0.00827055892200012,0.0554872232813908,-0.115281731550776,0.0162651721281085,-0.245103299906509,-0.00186154442338195,-0.333849966511215,0.0104241457822926,
Tomato,Fill triang,Setifer_setosus_pD2,Mammals,Non-boreoeutherian Mammals,Unwebbed,1,-0.355916072011227,0.0270474688469548,-0.298317888801169,-0.0455590342545111,-0.151938585850224,-0.139813131509946,0.031963355973448,-0.159053112693153,0.150998129984387,-0.131119824380243,0.241594575136835,-0.157457549271445,0.304176326330801,-0.150802368259895,0.299894019699466,-0.129116813669969,0.180830959777787,-0.00547381975338174,0.185419467097622,0.16595994630669,0.12102464167507,0.197713036873277,0.0495979493382913,0.182352351149915,0.0223854032945761,0.154738975149946,0.0157050632440572,0.114841869159865,-0.0247327010891342,0.0685975735805814,-0.115841973907893,0.0323858519764153,-0.238038502998805,0.0331769249050135,-0.326762980235421,0.0273238902885155,
Tomato,Dot,Sphenodon_punctatus_mD1,Reptiles,Lepidosaurs,Unwebbed,1,-0.356564995973466,0.0423301732357032,-0.292649813828991,-0.0246505478173684,-0.12155524472124,-0.110196999003997,0.0901008185546462,-0.138590591545137,0.214623485442407,-0.128541283947796,0.290209455878148,-0.1071786328208,0.331850540232685,-0.0903995209980994,0.332139317378014,-0.0761799527129937,0.263452515858917,0.0130971138815068,0.204817046572894,0.117167453190573,0.138179332131952,0.126878165511668,0.0730686025416866,0.121803946825627,0.0676039131234629,0.103093735154843,0.0624914702148194,0.0818621246194633,0.0205476850752976,0.0585305277835691,-0.0860820735357369,0.0457248070762523,-0.228454612844,0.0391880020412311,-0.326623043405789,0.0461866442730673,
Tomato,Dot,Sphenodon_punctatus_pD1,Reptiles,Lepidosaurs,Unwebbed,1,-0.359452343954689,0.0011323129655924,-0.292504869035856,-0.0427552014991477,-0.114302421840518,-0.103997965748937,0.0847623737555419,-0.16094636856119,0.20340674778341,-0.148290919949744,0.28010122354754,-0.130882767731156,0.322954063837602,-0.11241536421663,0.323277834000861,-0.097780872689037,0.246037164013632,0.000126870146176539,0.191783324518048,0.122730878085994,0.148870232193986,0.12166169934906,0.0967609459788357,0.128764786995546,0.0689543888935433,0.118123839161924,0.0573812442961979,0.0881653206264616,0.0191726165718633,0.0419470246501251,-0.0829656054579817,0.0296986741978091,-0.228070442654498,0.0302783135321613,-0.330286460812172,0.0218525879443769,
Gold,Fill triang,Tachyglossus_aculeatus_mD1,Mammals,Non-boreoeutherian Mammals,Webbed,3.5,-0.353917825563862,-0.0874371254862251,-0.331944340774409,-0.122007309536232,-0.225550555337107,-0.16509066520703,-0.0910461317765087,-0.178896144423241,0.0165401945810198,-0.174149143696606,0.122127617693207,-0.174663146526153,0.203243507550688,-0.148697156999472,0.214805756183819,-0.122113462519069,0.157829692857611,0.0284363861620429,0.267476884371361,0.175564685929565,0.211586083086876,0.215488491935227,0.157583195349335,0.255418858553883,0.106933560462492,0.2403424056392,0.0586413917700323,0.209796816926657,0.0134278999736529,0.129410932214505,-0.076536000431372,0.0407880867569272,-0.218639674145699,-0.00487674895464723,-0.319808906973959,-0.0543640998876804,
Tomato,Fill square,Terenura_spodioptila_pD2,Reptiles,Birds,Unwebbed,1,-0.352306647580993,0.0778538397864897,-0.320187782561681,-0.0144733013590966,-0.16864681256761,-0.136921576841506,0.0484232039600419,-0.169246836108987,0.180498594500589,-0.13234705801994,0.259792233226813,-0.0706234611852703,0.306566799471071,-0.0288909425228904,0.313941993275251,-0.0168998886684471,0.268752663364969,0.0285652930468579,0.245796983141919,0.115146399714472,0.177818723917457,0.126883733097838,0.101680076955769,0.109129276183628,0.0844954526237997,0.075292632993579,0.0832402933216625,0.0347991695937659,0.0331708239475655,-0.00305896564068727,-0.0899173978709517,-0.0215084152086964,-0.241540199624656,0.00927019909133356,-0.329994772810282,0.0592753233952441,
Tomato,Fill square,Tigrisoma_lineatum_pD2,Reptiles,Birds,Unwebbed,1,-0.360772073961931,-0.00813009888388052,-0.323945044927793,-0.062555336638199,-0.189214207665836,-0.131286612390419,-0.00425969758403569,-0.1408150061808,0.122756333937052,-0.0993885161457708,0.210054677393554,-0.0746445364785306,0.264579860554565,-0.105793468119797,0.273622223996427,-0.0744165723655606,0.257497438971701,0.0269988083356642,0.279811391740322,0.0924519627210029,0.186989187780863,0.131981514813099,0.0887037555615042,0.177057175183521,0.0620753637480716,0.161044728842176,0.0498787858417667,0.127525212457766,0.000270076644480578,0.0770376482251584,-0.101013534216269,0.0230853516141933,-0.234821015324661,0.0352933238622032,-0.326223850958598,0.00334902892963431,
Tomato,Fill square,Topaza_pyra_pD2,Reptiles,Birds,Unwebbed,1,-0.373212408907415,0.0492017326566525,-0.315125606728867,-0.0144031403821769,-0.155642278124102,-0.117327439959788,0.0459398825059722,-0.151993527420026,0.169469444289179,-0.116214874945596,0.251104026679946,-0.0740210432287474,0.29776694232614,-0.0367945651754682,0.303284632551678,-0.0245632411917234,0.256519150569713,0.0190116758249698,0.260439190353785,0.0972157872306342,0.180760070367263,0.137480113000912,0.0960321201975935,0.121302664734625,0.0940636435329101,0.0936338244771037,0.0869716102502508,0.0660330205177003,0.0334921633502651,0.0372827169786741,-0.0857397008144715,0.00998979629812043,-0.237741195009973,0.0136659498705959,-0.341547045729822,0.0397665331003481,
Mediumturquoise,Fill triang,Trichechus_senegalensis_mD1,Mammals,Non-boreoeutherian Mammals,Flippered,5,-0.282868449977184,0.00870923116229267,-0.257078492110576,-0.0698858297570979,-0.159563769303621,-0.144028672208259,0.00959360430339408,-0.140772243193247,0.14633188552456,-0.167196460114763,0.254888238777653,-0.193545425517999,0.330413876543668,-0.188106238758015,0.335708679076236,-0.179977413951781,0.244634190678529,-0.00595210550176761,0.237841898428044,0.230622882181469,0.115812108491683,0.225363269173174,0.00314559977334223,0.162838739590566,-0.0102680914881049,0.130231855236988,-0.0264247411779057,0.105724968900774,-0.0714163894219248,0.0753054524829304,-0.143146893079965,0.0389063649236943,-0.222740469642213,0.0341538022646944,-0.26892030137533,0.0249239123539995,
Tomato,Fill square,Turdus_olivater_kemptoni_pD2,Reptiles,Birds,Unwebbed,1,-0.337538652686485,0.0382002341489665,-0.319053066456778,-0.0482053764531678,-0.167261751253786,-0.134509698912098,0.0397614415016735,-0.171392939243314,0.171167114276577,-0.130301949824523,0.259120947314347,-0.0809459133036908,0.307847908480854,-0.0400898132089436,0.317800949611227,-0.0283381333956284,0.284278560118588,0.0203454079634635,0.272503555131448,0.105855153337135,0.202804475835029,0.114030126535327,0.133682700016634,0.120784518773352,0.126166010941886,0.0922602549040015,0.115174873652498,0.0588095420028017,0.0616823516736394,0.0147004013019068,-0.0610116396715434,-0.0152369057392629,-0.216204443595587,-0.00536046440257628,-0.309530048912806,0.0262594659515051,
Gold,Dot,Alligator_mississippiensis_mD1,Reptiles,Crocodylians,Webbed,3,-0.343657386630793,0.0251103046191345,-0.27726117988516,-0.0298983751152462,-0.106972376240426,-0.106704174455267,0.107722181786545,-0.141702324796845,0.237425704504666,-0.12830895645486,0.310113748157828,-0.119831547535658,0.337407809520712,-0.10427168630592,0.325834785380658,-0.0786625516110797,0.280621009376967,0.0316359972764639,0.236602974629129,0.134776554965603,0.170086061037851,0.117515210480656,0.093996528353388,0.0880082888926131,0.0837933088803318,0.0756936782882836,0.0732127862110971,0.071495930460514,0.0277103821071032,0.0559446377098562,-0.0792779929556942,0.0520105950871125,-0.218055267026209,0.0374674993414527,-0.314276273302062,0.0323605919361052,
Gold,Dot,Alligator_mississippiensis_pD1,Reptiles,Crocodylians,Webbed,3.5,-0.374782620557749,-0.00150731387993487,-0.317336947239014,-0.0434980714478763,-0.144291108264763,-0.0998048139350775,0.0712418209584163,-0.126281192211035,0.197508382830029,-0.114668905433492,0.268188363359932,-0.0978001019645098,0.301766892429105,-0.0869726713419887,0.30378156663336,-0.0719849721707018,0.264548820274584,0.0266095770119377,0.202596868439112,0.119110952179525,0.177757807479066,0.108704150097304,0.139100559118363,0.104719391041784,0.12234788796336,0.0973055320488085,0.10677147594801,0.0860620031957391,0.0514379936468537,0.068184645640589,-0.0705480207461786,0.0440376362903667,-0.230064280088153,0.0253596104912221,-0.339280637852898,0.00730355879019324,
Gold,Dot,Osteolaemus_tetraspis_mD1,Reptiles,Crocodylians,Webbed,2,-0.341505205531798,0.00354720132182103,-0.293951425646999,-0.0601733303703551,-0.159427693770758,-0.138201243013099,0.0419900078791976,-0.157978056961392,0.176741949909816,-0.152694195979289,0.252603249915894,-0.15095824183644,0.279442924262033,-0.116554543661839,0.281574238109738,-0.0903440220679987,0.257069398318984,0.0258994767191867,0.195637617413084,0.136374569367252,0.144047155289156,0.155001117348692,0.0748125110705185,0.144056020202026,0.052671697935414,0.135762419258889,0.0388552780951753,0.119090643342772,-0.01607911185224,0.108788160242128,-0.12141897028916,0.0762502710783515,-0.244092038213627,0.0539527708820254,-0.318854105780359,0.0246707801683547,
Gold,Dot,Osteolaemus_tetraspis_pD1,Reptiles,Crocodylians,Webbed,3,-0.294629028077203,0.00723139043640955,-0.252481522047188,-0.050727317066736,-0.10248168846066,-0.0961865786514873,0.0956465549990214,-0.145755540914082,0.233940539367144,-0.133677998250123,0.32221445591963,-0.122363478958356,0.363435034738911,-0.109848417714833,0.363121341434267,-0.08491932871758,0.331115144842518,0.0325957082929583,0.274001470455057,0.127210436109584,0.19838306947618,0.117947190471552,0.111417370730003,0.0979861310384899,0.0934263924103261,0.0889794017572504,0.0791600373511399,0.0892108370301234,0.0296245707713551,0.0759989112428898,-0.0671988452003571,0.0441598322101489,-0.190530503475694,0.0429407551691763,-0.26870623444768,0.0180271525800915,
Tomato,Dot,Paroedura_masobe_mD1,Reptiles,Lepidosaurs,Unwebbed,1,-0.294556883978114,0.0195387020626471,-0.238474906101742,-0.0639680779816951,-0.0898166593914627,-0.147815368597932,0.101172598979607,-0.232624911121338,0.21159706974697,-0.27500305747851,0.271508615180196,-0.18368143661444,0.306583136257274,-0.108736388776841,0.29658870773893,-0.0770678858581286,0.232787693790284,0.001120922459978,0.247275412854872,0.10798279366185,0.157582162553358,0.155672081422102,0.0397025083254889,0.183619606762898,0.00528557619774887,0.168488224461046,-0.0237218579456947,0.157594885508381,-0.0652074735220084,0.122442457944847,-0.135099963407407,0.0892380188672885,-0.222412629961781,0.0571118407011668,-0.282705656511502,0.0439320368330145,
Tomato,Dot,Paroedura_masobe_pD1,Reptiles,Lepidosaurs,Unwebbed,1,-0.295168827172521,0.0319444492423709,-0.237291353871184,-0.0688962415661518,-0.0634511717712208,-0.163386112480253,0.147866062158236,-0.256084047680339,0.260213991452707,-0.26791779280103,0.288828941058503,-0.162309247332936,0.312280798177135,-0.0949502258787075,0.281615633686418,-0.0697411073980662,0.219702664200689,0.000183239763722755,0.254006303176835,0.0969644522429263,0.186277820264937,0.142121170151252,0.0839776093150622,0.187669551591085,0.0506666135389661,0.189509137905725,0.030680435402328,0.169292113099559,-0.0128012788292371,0.135108940764008,-0.0944399514255087,0.0973240464331446,-0.200597916547242,0.0588627705837803,-0.275448129257838,0.0506569557486796,
Gold,Dot,Ptychozoon_lionatum_pD1,Reptiles,Lepidosaurs,Webbed,4,-0.369616282782217,-0.0292652502321904,-0.354800689920855,-0.063482490507368,-0.22636539196226,-0.0968067490747459,-0.0295381248948487,-0.0950726979492263,0.110732578112257,-0.0635561734847093,0.210576823654895,-0.0414386230614622,0.267195337772204,-0.016591906775404,0.281458624742863,-0.00821572202617125,0.286343050724654,0.0336155446442896,0.311753361984843,0.102805376330231,0.269109029022926,0.129206980214472,0.210191240294327,0.102825291463774,0.181830800071982,0.0815485188400012,0.149633410015875,0.0651310916961016,0.0733155650535213,0.0359768291231454,-0.0653762606154479,0.0102694157903277,-0.226757924212595,-0.00735956731802467,-0.332512094335687,-0.0127517870939118,
Gold,Dot,Ptychozoon_lionatum_pD2,Reptiles,Lepidosaurs,Webbed,4,-0.37293583158109,-0.0168332604563074,-0.35777950295699,-0.0569254488993068,-0.228543046043845,-0.0981471138390664,-0.0300399019123729,-0.103041333183006,0.112142351656193,-0.0693385493937584,0.212160791461119,-0.0388372977349263,0.26926452974129,-0.0143798117348439,0.282204105509218,-0.00503654576102535,0.28327288798228,0.0329475768384276,0.307465775376744,0.0938034221284127,0.265293000337633,0.12379832458349,0.204090856956074,0.0940547252704311,0.171233233440432,0.0773126385943962,0.139807394791604,0.0573876261993323,0.0634953797036653,0.0277689809443339,-0.0721583203141773,-0.00482410629683547,-0.230714949917946,-0.0173713066582454,-0.334954480005653,-0.0165654676598753,
Gold,Dot,Tomistoma_schlegelli_mD1,Reptiles,Crocodylians,Webbed,2,-0.301083975790266,0.0376953785627586,-0.262767908034503,-0.052655127766802,-0.0900315122022719,-0.12177422236688,0.148074671248551,-0.178487467728586,0.292295038236006,-0.169097010840927,0.359891126458384,-0.135990981698955,0.361784013200241,-0.090113363328297,0.33952974466837,-0.0686184137893525,0.280612734942811,0.0104868409002524,0.23540645738071,0.102424660949912,0.160015364583873,0.110281804366918,0.072259282775552,0.0854971169448772,0.0568589434614799,0.076236293233939,0.0512220523217143,0.064550127166442,0.0135109004186505,0.0591372063064364,-0.0840241884771832,0.0751928110130796,-0.213186832276649,0.0704605005178985,-0.284859099987665,0.0594390214973384,
Gold,Dot,Tomistoma_schlegelli_pD2,Reptiles,Crocodylians,Webbed,3,-0.349997331094702,0.0045061115772396,-0.293924299885162,-0.0428215515452264,-0.11399163909682,-0.101742884741281,0.109244633473412,-0.134619632112795,0.237997589950488,-0.121601042458469,0.308883940741385,-0.0955888052847797,0.338624092472352,-0.0727468310832164,0.32806796214514,-0.052230974303507,0.270770356192891,0.0206263296726737,0.241170863324438,0.0981224937119191,0.211985827358728,0.109065633255377,0.17072648324079,0.0946714175144184,0.149082595973035,0.0851315055470739,0.131157086185429,0.0691085093273832,0.0774606249980981,0.0428420342037267,-0.0425224555678982,0.0285925616648206,-0.203660623560735,0.0279078694847859,-0.314157248133936,0.0128413226370482,